<manifest><control namespace="ShaheerAhmad" constructor="ChoicesBPF" version="1.0.1" display-name-key="ChoicesBPF" description-key="ChoicesBPF PCF" control-type="standard" api-version="1.3.8"><external-service-usage enabled="false" /><property name="Choice" display-name-key="Choice" description-key="Choice" of-type="OptionSet" usage="bound" required="true" /><resources><code path="bundle.js" order="1" /><css path="css/choices-bpf.css" order="1" /></resources><built-by name="pac" version="1.29.6" /></control></manifest>